latitude,longitude,name
50.838006,4.40897,MONTGOMERY
50.851746,4.353415,DEBROUCKERE
50.855933,4.358494,ROGIER
50.860053,4.359662,NOORDSTATION
50.844184,4.345254,ANNEESSENS
50.840084,4.341039,LEMONNIER
50.836497,4.337946,ZUIDSTATION
50.832547,4.342972,HALLEPOORT
50.829721,4.346537,ST-GILLISVOORPL.
50.825702,4.34549,HORTA
50.822303,4.343561,ALBERT
50.843453,4.405598,GEORGESHENRI
50.849394,4.402198,DIAMANT
50.832955,4.405187,BOILEAU
50.871012,4.32447,SPIEGEL
50.835978,4.274419,GOEDELUCHT
50.86406,4.344122,PICARD
50.838265,4.408091,ICHEC
50.815519,4.371065,LEGRAND
50.861527,4.355557,WTC
50.879155,4.321791,LEROUX
50.89387,4.397956,MEUDON-PAVILJ.
50.864112,4.312275,BENES
50.861273,4.315886,BASTENAKEN
50.866778,4.308838,GOFFIN
50.780214,4.325869,VANHAELEN
50.866817,4.281688,HUNDERENVELD
50.864477,4.30662,WINTEROY
50.848086,4.349455,BEURS
50.837425,4.349033,VOSSENPLEIN
50.841246,4.351814,KAPELLEKERK
50.841004,4.374318,TRIER
50.840338,4.378662,LEOPOLDSPARK
50.839287,4.386635,NERVIERS
50.838062,4.392801,GALLIERS
50.863306,4.353795,WILLEBROEK
50.84679,4.420892,WESTENWIND
50.843639,4.411958,DEGROOFF
50.845057,4.417284,MEUDON
50.923607,4.426533,HANSSENSPARK
50.842882,4.350791,CESARDEPAEPE
50.842046,4.383774,SCHUMAN
50.881187,4.321846,EUGENETOUSSAINT
50.86631,4.303465,VALIDA
50.869995,4.288174,MONNET-PARK
50.866675,4.314886,H.HARTCOLLEGE
50.860434,4.331639,VANHUFFEL
50.863355,4.330671,SIMONIS
50.85877,4.330078,AUTRIQUE
50.865255,4.284815,ZEVENSTERREN
50.92158,4.428648,BLOKKEN
50.8347,4.346152,SINT-PIETERS-ZKH.
50.856387,4.326529,OSSEGEM
50.841426,4.358345,KONING
50.837374,4.290288,FRUIT
50.839745,4.373679,LUXEMBURG
50.839247,4.296546,WILLEMYNS
50.839211,4.398523,MERODE
50.843475,4.300486,PAULSEN
50.851948,4.33237,OLIFANT
50.814081,4.324764,ZAMAN-VORSTNAT.
50.861968,4.321936,SIPPELBERG
50.846234,4.38347,AMBIORIX
50.860912,4.296286,COMHAIRE
50.857669,4.349494,IJZER
50.828383,4.373166,FLAGEY
50.839796,4.463803,STOKKEL
50.864418,4.29709,SCHWEITZER
50.841803,4.286873,MOORTEBEEK
50.864968,4.350239,THURNENTAXIS
50.838026,4.284196,WESTLANDSHOPPING
50.861772,4.291597,KERKPLEIN
50.863018,4.348724,HAVENLAAN
50.885087,4.318659,OUDEAFSPANNING
50.8512,4.487797,GERGEL
50.817228,4.32513,KASTANJES
50.841413,4.353383,GROTEZAVEL
50.847902,4.435729,ROODEBEEK
50.803621,4.358749,HOUZEAU
50.852518,4.490754,DEUTSCHESCHULE
50.845205,4.386602,MICHELANGELO
50.84724,4.393729,JAMBLINNEDEMEUX
50.79673,4.321064,KRUISPUNTSTALLE
50.843986,4.421287,MONTALD
50.841169,4.443304,FALLONSTADION
50.84085,4.384696,BREYDEL
50.841436,4.432386,SLEGERS
50.829963,4.390938,DEJACHT
50.884092,4.410163,TWEEDEKKER
50.839851,4.436757,WEGGEVOERDEN
50.803007,4.409778,CALYPSO2000
50.816648,4.319873,BERVOETS
50.854208,4.447844,HOFTERMUSSCHEN
50.88792,4.327875,KINDERZIEKENHUIS
50.865077,4.320101,BOSSAERT-BASILIEK
50.823075,4.296755,WAXWEILER
50.863632,4.324662,BESME
50.836343,4.295116,RENEHENRY
50.892851,4.312731,DIKKEBEUK
50.843138,4.375982,TOULOUSE
50.849022,4.459021,KRAAINEM
50.849751,4.374333,SINT-JOOST
50.85969,4.376229,WIJNHEUVELEN
50.851519,4.394513,PLASKY
50.85008,4.398687,OPAAL
50.848128,4.42514,VERHEYLEWEGHEN
50.812012,4.318754,VORSTCENTRUM
50.852876,4.437997,POPULIEREN
50.840185,4.382637,FROISSART
50.855671,4.440572,MARCELTHIRY
50.847115,4.391358,GEUZEN
50.857103,4.441439,JESPERS
50.8588,4.438702,HOFTENBERG
50.840299,4.440293,MALOUPARK
50.845805,4.32306,DELACROIX
50.846731,4.431215,HYMANS
50.862575,4.301247,GENOT
50.860617,4.420453,CICERO
50.861682,4.336469,OURTHE
50.841633,4.364862,TROON
50.859742,4.416887,DELOMBAERDE
50.839898,4.355875,KLEINEZAVEL
50.850757,4.434245,HAAGBEUKEN
50.848351,4.322094,WESTSTATION
50.816555,4.292593,CAMPUSCOOVI
50.841381,4.434303,VOOT
50.834697,4.426884,GROENEHOND
50.842347,4.427376,MELARD
50.847998,4.398087,VICTORHUGO
50.862688,4.326239,VRIJHEID
50.848573,4.414547,MEI
50.85153,4.384174,VINCOTTE
50.786148,4.42484,VORSTERIE
50.84913,4.377145,GUTENBERG
50.816266,4.290209,COOVI
50.817082,4.400814,CHIREC
50.835155,4.280397,APPELBOOM
50.848082,4.467057,KONINGINASTRID
50.842438,4.2962,PETERBOS
50.818515,4.294711,WAUTERS
50.819628,4.325398,UNION
50.840141,4.489543,HERNALSTEEN
50.828962,4.293893,VANBEETHOVEN
50.774171,4.338487,STATIONLINKEBEEK
50.78918,4.359647,DIRECTOIRE
50.852473,4.388463,DAILLY
50.806433,4.34079,ST-PIETERSCOLLEGE
50.848436,4.420326,SPEECKAERT
50.854077,4.328448,GROENINGHE
50.81049,4.340145,PEYO
50.859657,4.414231,PADUWA
50.84762,4.448299,VANDERVELDE
50.834547,4.420311,JULIUSCAESAR
50.84381,4.3051,HENRIREY
50.8432,4.487606,SPORTPLEIN
50.84038,4.484703,VIOOLTJES
50.867019,4.321136,RIETHUISEN
50.873981,4.322561,BRUSSELAARS
50.849894,4.381107,CLOVIS
50.889498,4.309422,UZ-PEDIATRIE
50.847875,4.455839,ALMA
50.888054,4.319338,DIELEGEM
50.89407,4.325231,PALFIJN
50.85644,4.431044,ARIANE
50.846952,4.483413,LOUISMARCELIS
50.835925,4.372486,IDALIE
50.850009,4.483008,RING0
50.833227,4.385801,FETIS
50.834407,4.30463,SINT-GUIDO
50.814467,4.288169,SINTNIKLAAS
50.817395,4.421282,HERTOGENDAL
50.85333,4.496905,LANGEEIK
50.808245,4.435562,TRANSVAAL
50.852841,4.482745,KERKWEZEMBEEK
50.816646,4.425399,OUDERGEM-SHOP.
50.839497,4.494766,STIJNSTREUVELS
50.885712,4.308952,UZ-VUB
50.835757,4.495693,OPPEM
50.835493,4.380861,VIJVERS
50.814107,4.339161,COGHEN
50.792217,4.359036,DEWANSIJN
50.845754,4.403994,VERGOTE
50.863999,4.366694,LIEDTS
50.886729,4.311452,UZBRUSSEL
50.81033,4.435664,HEILIGHART
50.803597,4.342061,HELDEN
50.811842,4.432488,SCHOONEJANS
50.859349,4.344522,SAINCTELETTE
50.823982,4.400869,KRIJGSKUNDE
50.828587,4.315907,HERMES
50.860517,4.340558,RIBAUCOURT
50.863052,4.347176,SUZANDANIEL
50.872802,4.328702,LEOPOLDI
50.845003,4.351728,GROTEMARKT
50.858268,4.336469,MERCHTEM
50.875999,4.318701,EEUWFEESTSQUARE
50.857124,4.33165,ZWARTEVIJVERS
50.818644,4.298266,DUIVENMELKERS
50.880061,4.315951,TENTOONSTELLING
50.832776,4.395098,ELFNOVEMBER
50.820497,4.299327,ACHTUREN
50.827185,4.418216,VOGELZANG
50.893478,4.319755,DEHEYN
50.832932,4.432063,TRAMMUSEUM
50.849131,4.369931,MADOU
50.89384,4.331185,STADION
50.831355,4.452487,BOSSTRAAT
50.852949,4.391801,RADIUM
50.832614,4.463859,PADDOCK
50.847919,4.407745,LEVIE
50.841533,4.449168,DONBOSCO
50.826393,4.396727,ARSENAAL
50.848617,4.417628,HEYDENBERG
50.832914,4.446811,MAREYDE
50.908554,4.39545,MERCATOR
50.820617,4.409552,SINT-JULIAANSKERK
50.855498,4.428174,GULLEDELLE
50.828542,4.462659,SINT-ALEIDIS
50.819105,4.414816,VANDROMME
50.836069,4.412945,LEOPOLDII
50.830997,4.418305,ATLANT.OCEAAN
50.832883,4.398917,KON.OVERWINNAAR
50.835924,4.356089,LOUIZA
50.839842,4.369371,WETENSCHAP
50.79192,4.351576,DROSSAARD
50.834405,4.37815,VARIA
50.884648,4.322212,BONAVENTURE
50.85421,4.36151,SAINT-LOUIS
50.875097,4.313015,OCMWGANSHOREN
50.846716,4.442702,KLAKKEDELLE
50.830855,4.373536,MALIBRAN
50.812483,4.428388,HERRMANN-DEBROUX
50.812034,4.367336,LONGCHAMP
50.809738,4.365162,MONTJOIE
50.871086,4.330171,FIRMINLECHARLIER
50.814561,4.281457,BEGR.ANDERLECHT
50.803796,4.361786,FLORIDA
50.852141,4.481977,GEBUREN
50.784248,4.332705,VLEESKERSEN
50.803921,4.349047,BEELDHOUWERS
50.789013,4.334445,ENGELAND
50.773632,4.335874,DAPPEREN
50.800255,4.318326,NEERSTALLE
50.78091,4.332439,NOORDKRIEKEN
50.776441,4.334839,OUDEWEG
50.797648,4.336207,RITTWEGER
50.837065,4.38664,LEMAN
50.793728,4.363929,SINT-JOBPLEIN
50.83435,4.388044,LOUISHAP
50.839217,4.363777,NAAMSEPOORT
50.828736,4.407927,BARONDECASTRO
50.80056,4.3373,GLOBE
50.826613,4.411843,NIJVELSEDREEF
50.895751,4.388617,PETERBENOIT
50.833278,4.423319,MOSTINCK
50.803864,4.399607,DRIES
50.831355,4.438022,KELLE
50.804852,4.426364,TENREUKEN
50.851204,4.451656,CLINIQUES-UCL
50.842247,4.456538,HERENDAL
50.850255,4.458513,MOUNIER
50.842081,4.450887,KONKEL
50.89631,4.329465,KONINGBOUDEWIJN
50.836926,4.467474,BERKEN
50.84775,4.345878,SINT-GORIK
50.858405,4.318501,KARREVELD
50.841094,4.459887,GERSIS
50.828191,4.393776,BUEDTS
50.825841,4.456976,VANDERMEERSCHEN
50.80913,4.427589,SENY-PARK
50.829285,4.455393,MANOIRD'ANJOU
50.866227,4.358283,DESTOUVELLES
50.894753,4.391357,OORLOGSKRUISEN
50.835745,4.37717,MUSEUM
50.891237,4.3838,BOOMGAARD
50.867252,4.372886,COLIGNON
50.855967,4.383582,BREMER
50.82502,4.41529,MEEUWEN
50.795803,4.372407,DIESDELLE
50.780305,4.349198,PASTEUR
50.811716,4.357429,CAVELL
50.833027,4.375441,BLYCKAERTS
50.831242,4.309655,DEMOCRATIE
50.877616,4.409348,BORDETSTATION
50.806358,4.357586,LANGEVELD
50.863234,4.356932,GLIBERT
50.792451,4.374226,RACING
50.789637,4.374878,FORT-JACO
50.786822,4.376323,BRAAMSTRUIKEN
50.823578,4.367622,VLEURGAT
50.784311,4.37835,VANBEVER
50.882396,4.335686,GUILL.DEGREEF
50.781196,4.380889,PRINSVANORANJE
50.846406,4.357819,CENTRAALSTATION
50.779147,4.36532,HEILIGVERBOND
50.78698,4.330689,HORZEL
50.77961,4.338295,HOMBORCH
50.831505,4.443601,MERTENS
50.782373,4.35684,MARENTAK
50.77804,4.354289,VERREWINKEL
50.776272,4.342435,GEITJES
50.870326,4.305265,PAMPOEL
50.779087,4.332411,MOENSBERGSTATION
50.872878,4.314714,NEREUS
50.889412,4.322303,BOLLIEENBILLIE
50.791224,4.332898,UKKELKALEVOET
50.794343,4.3343,JEANNEHERREMAN
50.907479,4.400449,DEBEJAR
50.804317,4.354863,ZEECRABBE
50.876904,4.342176,EMILEDELVA
50.868582,4.389962,TERDELT
50.811069,4.362608,GOSSART
50.81604,4.367006,BASCULE
50.821452,4.366581,VANEYCK
50.846143,4.342782,WASHUIS
50.869824,4.371196,PAVILJOEN
50.855501,4.395892,MEISER
50.825848,4.369774,BIARRITZ
50.832176,4.302036,MEIR
50.905632,4.402999,ANTOONVANOSS
50.837022,4.318582,KUREGEM
50.839207,4.323336,ALBERTI
50.818551,4.427289,VORSTRONDPUNT
50.85242,4.351157,BEGIJNHOF
50.843431,4.354454,BIBLIOTHEEK
50.859189,4.354777,NICOLAY
50.862491,4.457457,SINT-ANTONIUS
50.817394,4.366481,PATTON
50.860156,4.454896,ANNECY
50.852563,4.455372,DUNETTE
50.889968,4.414876,STAT.HAREN-ZUID
50.853935,4.44343,THIRY-WOLUWE
50.806357,4.366364,RENEGOBERT
50.864124,4.456697,THUMAS
50.868313,4.353197,STAPELHUIS
50.805452,4.32734,DECROLY
50.894356,4.382654,ZAVELPUT
50.902785,4.398081,TRASSERSWEG
50.801644,4.39691,FUTAIE
50.833457,4.295192,BRACOPS-ZIEKENH.
50.872853,4.358097,CLAESSENS
50.776788,4.33909,GODSHUIZEN
50.827158,4.344041,BAREEL
50.809788,4.399271,WATERMAALSTATION
50.818916,4.378789,BUYL
50.85284,4.452738,UCLSAINT-LUC
50.907492,4.388708,MILITAIRHOSP.
50.899117,4.39896,GROENWEG
50.891066,4.380166,GEMENEBEEMDEN
50.879536,4.375408,DOCKSBRUXSEL
50.867265,4.380029,VOLTAIRE
50.835428,4.298979,DELINDE
50.806255,4.400659,BIEN-FAIRE
50.827635,4.366478,DAUTZENBERG
50.866116,4.453828,VIADUCTE40
50.890678,4.32992,STIENON
50.817163,4.354632,GEORGESBRUGMANN
50.808086,4.357071,BRUNARD
50.850663,4.454183,AUDITOIRES-UCL
50.825332,4.33862,COMBAZ
50.844731,4.338892,ANDERLECHTSEPOORT
50.821348,4.334025,LAINE
50.778634,4.373884,NAPOLEON
50.802945,4.330492,ELZEBOOM
50.800361,4.327532,VICTORALLARD
50.86909,4.316014,DELHOVE
50.848221,4.472851,KRAAINEM-SHOPPING
50.853057,4.424597,ANDROMEDA
50.889061,4.335045,POLIKL.BRUGMANN
50.841816,4.329864,CLEMENCEAU
50.782011,4.341228,GAZELLE
50.864943,4.380714,CROSSING
50.869411,4.363255,MASUI
50.869429,4.321787,SIMPSON
50.835713,4.312224,VERZET
50.854993,4.306065,CANDRIES
50.822306,4.322642,GERIJ
50.821725,4.405707,HANKAR
50.881205,4.373115,VANPRAET
50.841454,4.303457,JAKOBSMITS
50.834096,4.335818,ZWEDEN
50.890381,4.391322,LINKEROEVER
50.870759,4.361337,JULESDETROOZ
50.831389,4.332229,KONINGSLAAN
50.824159,4.325394,WIELS
50.895882,4.395191,BOSDUIF
50.823497,4.316113,EILANDST-HELENA
50.808098,4.33713,BENS
50.872416,4.297737,BASILIX
50.847402,4.299103,PRINSVANLUIK
50.888513,4.375106,HEEMBEEK
50.874909,4.363098,MABRU
50.908554,4.406614,BUDA
50.815052,4.266326,ERASMUS
50.843561,4.33398,LIVERPOOL
50.816904,4.279004,EDDYMERCKX
50.825555,4.288086,MARTINLUTH.KING
50.814722,4.332667,DUDEN
50.849859,4.360204,DEBERLAIMONT
50.810676,4.329038,DOMEIN
50.828805,4.303346,ARISTIDEBRIAND
50.796599,4.309433,LANGESTRAAT
50.826586,4.304877,VANKALKEN
50.821824,4.283943,MARIECURIE
50.869537,4.367204,STEPHENSON
50.816051,4.27466,MIJLENMEERS
50.853841,4.417309,PLEJADEN
50.807323,4.326279,FORESTOISE
50.807026,4.32846,GATTIDEGAMOND
50.890867,4.346055,SINT-LAMBERTUS
50.821115,4.3378,KEMMELBERG
50.824414,4.33601,ROCHEFORT
50.879096,4.332662,ONTMIJNERS
50.858628,4.311245,BEGR.MOLENBEEK
50.87137,4.376768,VERBOEKHOVEN
50.856955,4.308918,LEROY
50.848168,4.356484,ARENBERG
50.839594,4.3061,SCHOONHEID
50.84433,4.378052,MAALBEEK
50.838895,4.309863,BROEREN
50.81597,4.429216,BERGOJE
50.834784,4.332879,VICTORHORTAPLEIN
50.816381,4.434921,TWEESTEENWEGEN
50.881239,4.348305,KARELBOGAERD
50.809854,4.324406,VORSTNATIONAAL
50.828952,4.329179,DRUKKERIJ
50.901262,4.355632,BERGDAL
50.827135,4.327179,ORBAN
50.866066,4.384904,LOUISBERTRAND
50.799283,4.379135,GENDARMEN
50.877652,4.347042,BOCKSTAEL
50.867468,4.386353,LATINIS
50.801459,4.373603,GROENEJAGER
50.791613,4.342868,HELLEVELT
50.899893,4.385399,MARIENDAAL
50.789913,4.338799,GROELSTVELD
50.87471,4.33329,WOESTE
50.828579,4.333825,SERVIE
50.819177,4.283268,KLAVER
50.842725,4.317836,JACQUESBREL
50.826205,4.289699,FRANSHALS
50.843544,4.313384,KOLON.VETERANEN
50.793372,4.309999,DROGENBOS-SHOP.
50.865384,4.367758,GALLAIT
50.816234,4.335873,HOOGTEHONDERD
50.864431,4.371778,LEHON
50.828528,4.298556,VEEWEIDE
50.802314,4.324151,UKKEL-STALLE
50.860089,4.369264,SINT-MARIA
50.88547,4.332472,BRUGMANN-ZIEKENH.
50.879312,4.333755,KERKH.VANJETTE
50.881483,4.354458,KUNSTENAARS
50.816261,4.337633,HOOGTE100
50.795809,4.318347,STALLE(P)
50.851754,4.30046,MACHTENS
50.843233,4.354355,MAGDALENA
50.798675,4.313548,UKKELSPORT
50.877071,4.331647,VERBEYST
50.855491,4.346631,MARGUERITEDURAS
50.894778,4.380678,KRUIPWEG
50.832628,4.328906,VEEARTSEN
50.896595,4.376599,BEIZEGEM
50.896271,4.371994,VERSAILLES
50.895129,4.357751,DEWAND
50.825184,4.283518,MARIUSRENARD
50.885348,4.353234,SCHOLAEUROPEA
50.863832,4.403241,GENEVE
50.872161,4.289982,STATIONBERCHEM
50.829732,4.403331,PETILLON
50.8744,4.36091,MARIA-CHRISTINA
50.79236,4.348895,EIKENBOS
50.79831,4.343077,WOLVENDAEL
50.879051,4.403892,FONSON
50.801591,4.340593,MARLOW
50.880012,4.407132,VANCUTSEM
50.804785,4.368837,ST-ELIZABETH-ZKH.
50.798383,4.385149,VERGAARBAK
50.896412,4.421346,TWYENINCK
50.871438,4.399979,ONZE-LIEVE-VROUW
50.869728,4.307907,DEVILLEGAS
50.86148,4.392473,JOSAPHAT
50.851647,4.387125,BRABANCONNE
50.821872,4.329885,PIERREDECOSTER
50.812957,4.322694,MONACO
50.874152,4.403007,OUD-KAPELLEKE
50.827658,4.295798,DEBUSSY
50.901585,4.347433,ESPLANADE
50.898963,4.357207,FORUM
50.802176,4.316292,BEMPT
50.819551,4.336722,JUPITER
50.794791,4.306641,GILSON
50.813742,4.330585,MYSTERIE
50.847316,4.304414,BOMSTRAAT
50.809127,4.320825,STAT.VORST-OOST
50.896643,4.383384,CRAETBOS
50.816359,4.333887,STEEKSPEL
50.824921,4.35859,DRIEVULDIGHEID
50.829884,4.364025,VERLAAT
50.833219,4.366552,FERNANDCOCQ
50.806607,4.314443,MAXWALLER
50.869407,4.399921,CONSCIENCE
50.892106,4.395914,DRIEGATEN
50.847579,4.308958,SCHEUT
50.887775,4.384386,BIEBUYCK
50.912776,4.432925,MACHELEN
50.817588,4.26531,CLEMENCEEVERARD
50.884911,4.329588,CROCQ
50.878667,4.342494,JACOBSFONTAINE
50.885733,4.379612,VOORHAVEN
50.790363,4.340628,PAPENKASTEEL
50.796753,4.346159,DIEWEG
50.847297,4.361212,ROSAPARKS
50.89584,4.362783,PAGODEN
50.898433,4.401533,MARLY
50.895768,4.365589,LANGEBUNDER
50.833402,4.313294,BIESTEBROECK
50.818214,4.436513,SINT-ANNA
50.876365,4.338162,AMELIEGOMAND
50.918524,4.424595,MACHELENSTRAAT
50.889193,4.357137,KONINKL.SERRES
50.839766,4.312575,AUMALE
50.876467,4.383458,HUART-HAMOIR
50.897592,4.334295,HEIZEL
50.880625,4.401861,SINT-VINCENTIUS
50.892546,4.323333,TIRCHER
50.89932,4.341281,PALEIS12
50.878452,4.389995,CHAUMONTEL
50.877636,4.379054,SCHAARBEEKSTAT.
50.845749,4.3493,MANNEKEN-PIS
50.867837,4.377148,EENENS
50.889877,4.315769,AUDREYHEPBURN
50.825065,4.380135,ZKH.ETT.-ELSENE
50.8826,4.40709,VANDENHOVEN
50.797285,4.394014,RENBAANBOSVOORDE
50.827746,4.376628,GIST
50.829389,4.376204,WERY
50.853203,4.373496,HOUWAERT
50.863361,4.37736,HERMAN
50.87982,4.384156,ZENOBEGRAMME
50.892834,4.421413,HAREN
50.882853,4.330882,LORGE
50.882577,4.341384,PRINSLEOPOLD
50.809427,4.313018,SINT-DENIJS
50.862308,4.416194,ARTEMIS
50.864482,4.394293,BICHON
50.90383,4.386737,FERMENOSPILIFS
50.822575,4.354304,MACAMPAGNE
50.922931,4.413867,VLIERKENS
50.851241,4.344952,DANSAERT
50.813945,4.356293,MARIEDEPAGE
50.849177,4.32557,VIERWINDEN
50.849532,4.329607,HERTOGINBRABANT
50.851463,4.311353,DUBOIS
50.835413,4.363769,ST-BONIFAASWIJK
50.847651,4.36355,PARK
50.822673,4.347875,GEVANGENIS
50.827127,4.363428,BALJUW
50.852036,4.316437,JOSEPHBAECK
50.892117,4.417902,KORTENBACH
50.903427,4.425382,KASTEELBEAULIEU
50.871643,4.405932,LEKAERTS
50.901131,4.422318,WITLOOF
50.871958,4.40383,HOEDEMAEKERS
50.877435,4.421296,RAKET
50.835957,4.316949,VAARTBRUG
50.877097,4.401905,VREDE
50.84789,4.363782,TREURENBERG
50.845024,4.377555,MARIA-LOUIZA
50.870911,4.349332,ANDREEDEJONGH
50.847976,4.367781,DRUKPERS
50.864249,4.418199,BEGR.VANBRUSSEL
50.879537,4.396015,PICARDIE
50.861276,4.412642,GUILLAUME
50.87936,4.393349,CARLI
50.86793,4.406426,VRIJETIJD
50.865284,4.37756,ERNESTLAUDE
50.857194,4.375683,GEEFS
50.870897,4.407182,PERMEKE
50.853832,4.37351,BOSSUET
50.868823,4.395744,KURTH
50.851243,4.376463,BRAEMT
50.833174,4.378263,ZWEMKUNST
50.816883,4.375924,TERKAMEREN-STER
50.844123,4.359055,BOZAR
50.843259,4.346303,ROUPPE
50.820259,4.377041,GEOBERNIER
50.85523,4.335619,PAAL
50.87815,4.430334,BOURGET
50.813379,4.433285,MASSARTTUIN
50.818353,4.405847,DELTA
50.818694,4.408515,INVALIDEN
50.813655,4.419876,KLEINEWIJNGAARD
50.876556,4.385391,ANATOLEFRANCE
50.817857,4.411678,CLESSE
50.803193,4.336665,XAVIERDEBUE
50.882814,4.322101,FERNANDEVOLRAL
50.837984,4.368667,LONDEN
50.888347,4.42516,VLIEGVELD
50.865434,4.421794,DUIVELTJES
50.886466,4.429606,MAES
50.838003,4.353594,POELAERT
50.847808,4.381205,WATERLOOWILSON
50.85302,4.341841,VLAAMSEPOORT
50.863667,4.413198,EENBOOM
50.849975,4.334359,DRIEHOEK
50.830981,4.289291,SCHERDEMAAL
50.833404,4.282615,SIBELIUS
50.835641,4.331204,ELOY
50.851039,4.307562,TAMARISKEN
50.830458,4.319426,KLEINEILAND
50.856934,4.303506,TIJM
50.810772,4.30347,HUMANITEIT
50.852693,4.307347,CONDOR
50.832052,4.324833,TWEESTATIONS
50.83792,4.381785,JOURDAN
50.819864,4.308609,ARBEID
50.817226,4.320107,VORST(BERVOETS)
50.850333,4.408414,GODD.ZALIGMAKER
50.857532,4.356298,ALBERTII
50.850804,4.410246,FEBRUARI
50.855187,4.42103,STEENBOK
50.857129,4.390241,VADERLAND
50.860536,4.392046,CHAZAL
50.850952,4.397026,MAX-PLASKY
50.878185,4.304287,HETVEROOST
50.862169,4.426066,TOL
50.863401,4.424931,VILLON
50.883549,4.419967,MIDDELWEG
50.874008,4.310317,LOWET
50.881959,4.417138,SABCA
50.874492,4.408605,MATISSE
50.870623,4.418589,JULESBORDET
50.852798,4.368894,QUETELET
50.847097,4.387396,MARGARETA
50.850536,4.338749,NINOOFSEPOORT
50.865494,4.327473,ELISABETHPARK
50.856412,4.369051,MIDDAGLIJN
50.879658,4.434499,EUROCONTROL
50.877078,4.300879,GANSHOREN-SPORT
50.862095,4.409177,OPTIMISME
50.895887,4.32702,AMETHIST
50.884412,4.343898,SOBIESKI
50.865035,4.408995,DUNANT
50.874191,4.346915,NEKKERSDAL
50.870793,4.34355,POESJKIN
50.890541,4.336561,HOUBA-BRUGMANN
50.792197,4.419611,INTERNAT.SCHOOL
50.867166,4.405886,EVERESHOPPING
50.794104,4.418493,VIJVERSBOSVOORDE
50.824183,4.385896,DELPORTE
50.821675,4.388989,ETTERBEEKSTATION
50.862596,4.38094,AZALEA
50.817854,4.392422,THYS
50.858317,4.384603,WELDOENERS
50.809616,4.403442,KEYM
50.802583,4.412501,DRIELINDEN
50.860641,4.403679,PAULLEDUC
50.802617,4.418772,KERSEBOOMGAARD
50.798643,4.419774,WIENER
50.801545,4.422132,VALKERIJ
50.815966,4.390704,BEGR.VANELSENE
50.80539,4.406772,VANDERELST
50.817709,4.395984,FRAITEUR
50.812046,4.392405,PLEISTERPLAATS
50.809849,4.443453,ADEPS
50.827537,4.381838,RODIN
50.813899,4.384459,ULB
50.810899,4.411502,MEIKEVERS
50.82369,4.373961,VIJVERSELSENE
50.867563,4.40134,STATIONEVERE
50.810914,4.418795,TRITOMA
50.81282,4.417406,VISSERIJ
50.826188,4.28619,VIVES-PARK
50.856889,4.413007,MOMMAERTS
50.915207,4.421094,VIERFONTEINEN
50.823802,4.310464,VAARTDIJK
50.85609,4.289959,BEGRAAFPLAATSEN
50.86025,4.288191,MARICOLLEN
50.829214,4.281586,NEERPEDE
50.815971,4.407505,BEAULIEU
50.857622,4.398493,LEOPOLDIII
50.815284,4.383736,JOHANNA
50.859086,4.401334,FRANSCOURTENS
50.863333,4.286893,BROEK
50.811452,4.439695,ROODKLOOSTER
50.821865,4.363586,WASHINGTON
50.799553,4.358567,STERRENWACHT
50.816111,4.416345,RODENBERG
50.886506,4.341609,STUYVENBERGH
50.867465,4.33608,BELGICA
50.865946,4.338822,VANDERSTICHELEN
50.810288,4.30516,MOZART
50.809808,4.345455,MESSIDOR
50.854515,4.414539,CARINA
50.876747,4.412529,DAVINCI
50.84845,4.428619,MOONENS
50.791229,4.368303,ALPHONSEXIII
50.829469,4.28583,VANHELLEMONT
50.794599,4.356511,LANCASTER
50.852396,4.409495,KOLONELBOURG
50.794752,4.352568,THEVENET
50.807578,4.344131,BOETENDAEL
50.860181,4.30688,VANZANDE
50.818961,4.35134,DARWIN
50.813705,4.307014,BOLLINCKX
50.86767,4.293704,ALCYONS
50.816699,4.307634,INTERNATIONAAL
50.873514,4.295044,EILANDENHOUT
50.866659,4.287128,AZUUR
50.86716,4.275414,GROOT-BIJGAARDEN
50.850347,4.427968,HEILIGEFAMILIE
50.824206,4.331127,BERTHELOT
50.869363,4.310688,BEECKMANS
50.876065,4.307245,NEUBERGER
50.874641,4.299873,CHOPIN
50.891014,4.325347,PATTIJN
50.812147,4.352676,CHURCHILL
50.836827,4.434906,BRONNENPARK
50.869581,4.291958,BERCHEM-SHOPPING
50.790516,4.420068,KATTENBERG
50.812742,4.41051,VOORN
50.819997,4.383243,ROFFIAEN
50.854237,4.323407,BEEKKANT
50.824533,4.393504,VUB
50.811774,4.401045,BRILJANT
50.824976,4.431867,EMPAIN
50.787402,4.422597,JACHTSTOET
50.860596,4.40152,PENTATHLON
50.809495,4.416849,AARTSHERTOGEN
50.825454,4.298142,BIZET
50.870674,4.311571,SORENSEN
50.856891,4.408249,RTLHOUSE
50.868933,4.384692,PAULBRIEN-ZKH.
50.832985,4.357751,STEFANIA
50.855239,4.295158,ELBERS
50.879855,4.347609,STATIONBOCKSTAEL
50.818926,4.370739,ABDIJ
50.796415,4.356709,MERCURIUS
50.810501,4.385849,SOLBOS
50.870424,4.334721,ODONWARLAND
50.806384,4.387635,MARIE-JOSE
50.861254,4.3383,JUBELFEEST
50.802634,4.390584,BRAZILIE
50.829515,4.35585,FAIDER
50.801169,4.393449,BOONDAALSTATION
50.815718,4.349216,MOLIERE
50.796294,4.401659,LIEVEHEERSB.
50.795733,4.413573,DELLEUR
50.829416,4.361541,DEFACQZ
50.82784,4.438996,DEVILLALOBAR
50.812313,4.404749,TERCOIGNE
50.845317,4.47354,DEBURBURE
50.813685,4.414881,BERENSHEIDE
50.845841,4.479761,SCHONELUCHT
50.814776,4.403204,MICHIELS
50.84681,4.491264,BEEK
50.829929,4.37866,MOUTERIJ
50.844993,4.499935,TERMEEREN
50.810238,4.397015,ARCADEN
50.842397,4.502451,BAN-EIK
50.796612,4.417673,DIABOLO
50.844605,4.465019,VRIENDSCHAP
50.836834,4.411412,GJMARTIN
50.799796,4.414442,MIRAVAL
50.844774,4.467008,WILDEROZEN
50.827387,4.444659,MADOUX
50.865288,4.292926,VEREMAN
50.818474,4.450647,OUDERGEM-WOUD
50.818892,4.457204,VERBRANDENDREEF
50.810748,4.407132,OTTERVANGER
50.820296,4.476975,VIERARMEN
50.829965,4.369547,MUSEUMVANELSENE
50.822144,4.44746,DRIEKLEUREN
50.891291,4.368867,BRAAMBOSJES
50.844597,4.438395,WOLUWESHOPPING
50.85543,4.298708,HOOGBOSCH
50.790885,4.317808,RODTS
50.883341,4.33884,DUYSBURGH
50.865689,4.364534,THOMAS
50.862532,4.386934,HELIOTROPEN
50.875935,4.392836,LINDE
50.870156,4.382107,WAELHEM
50.816262,4.339974,MOLIERE-LONGCHAMP
50.810319,4.337566,ROOSENDAEL
50.872251,4.379834,DEMOLDER
50.818968,4.341236,TIMMERMANS
50.871927,4.384977,SCHAARBEEK.HAARD
50.89543,4.402952,CERES
50.796219,4.324185,EGIDEVANOPHEM
50.795447,4.407814,BOSVOORDESTATION
50.796751,4.329048,WAGEN
50.882229,4.384483,ALBERTBRUG
50.888744,4.396438,SPOORWEG
50.885437,4.39041,MONNOYER
50.855792,4.367006,GILLON
50.842637,4.395658,RIDDERSCHAP
50.838807,4.33705,BARA
50.855826,4.316659,MENNEKENS
50.834696,4.456609,LUCHTVAART
50.875408,4.410155,FERNANDLEGER
50.877572,4.351034,MOORSLEDE
50.824156,4.350302,MORIS
50.838098,4.46316,SCHERMKUNST
50.829892,4.386637,SINT-ANTOONKERK
50.83727,4.396066,ST-PIETERSPLEIN
50.798779,4.319374,MERLO
50.86079,4.371323,ROBIANO
50.785857,4.31803,DROGENBOS
50.818079,4.346047,BERKENDAAL
50.86639,4.375017,POGGE
50.8937,4.362556,ARAUCARIA
50.850416,4.364237,CONGRES
50.873428,4.386924,HELMET
50.843692,4.36073,PALEIZEN
50.86426,4.373511,ST-SERVAASKERK
50.784768,4.328336,CREMATORIUM
50.814348,4.34751,VANDERKINDERE
50.825451,4.354346,JANSON
50.903895,4.412156,AQUIRIS
50.853715,4.36577,KRUIDTUIN
50.79958,4.376341,MONTANA
50.794272,4.312968,EGGERGAT
50.872997,4.378115,PRINS.ELISABETH
50.901505,4.408885,RECHTEROEVER
50.834295,4.393381,ACACIA
50.832846,4.401926,THIEFFRY
50.852825,4.378168,STEURS
50.853948,4.380753,FUSS
50.853921,4.38328,CLAYS
50.84502,4.395104,WAPPERS
50.81981,4.467423,DUIVENSCHIETING
50.849111,4.389839,ARDENSEJAGERS
50.867911,4.326561,BROUSTIN
50.839326,4.32954,RAAD
50.830357,4.296602,YSAYE
50.824336,4.347222,LOMBARDIJE
50.793224,4.320302,KEYENBEMPT
50.849327,4.38565,LUTHER
50.875478,4.353792,PRINS.CLEMENTINA
50.787442,4.3174,GROTEBAAN
50.829907,4.33805,BETHLEHEM
50.845333,4.36962,KUNST-WET
50.842506,4.418288,GRIBAUMONT
50.819878,4.3594,LEPOUTRE
50.813192,4.42192,DEMEY
50.852347,4.347749,SINT-KATELIJNE
50.854968,4.340056,GRAAFVANVLAAND.
50.861275,4.367545,LEFRANCQ
50.854551,4.368894,DWARSSTRAAT
50.842824,4.424807,TOMBERG
50.878981,4.338516,JETSEHAARD
50.828128,4.341869,WILLEMTELL
50.848003,4.338123,ARTSETMETIERS
50.853179,4.331389,ZEEPZIEDERIJ
50.83677,4.498038,MARMOT
50.836115,4.314685,DOVER
50.822709,4.49949,BRUSSELSESTEENWEG
50.829875,4.51342,TERVURENSTATION
50.880128,4.330471,STATIONJETTE
50.853434,4.500712,VIERHUISKENS
50.794483,4.362255,STATIONSINT-JOB
50.921031,4.406413,MINNEMOLEN
50.91417,4.397798,VTM
50.781484,4.289118,KAPELRUISBROEK
50.774008,4.281333,BEKA
50.779512,4.286327,VOETBALCLUB
50.790337,4.299527,KERKRUISBROEK
50.849518,4.505344,HIPPODROOM
50.907328,4.432775,RAEDEMAEKERS
50.910192,4.43922,PARKSTRAAT
50.911397,4.43972,KONINGINFABIOLA
50.923537,4.430963,VILVOORDESTATION
50.912118,4.418122,BICOQUE
50.926173,4.426756,HELDENPLEIN
50.856491,4.450316,LENNEKEMARE
50.848279,4.323813,REMISEMOLENBEEKTRAM
50.828814,4.317248,REMISEKLEINEILAND
50.865231,4.373923,REMISESCHAARBEEK
50.830699,4.333,REMISEKONINGSLAAN
50.81637,4.262953,STELPLAATSERASMUS
50.816285,4.405107,REMISEDELTA
50.833309,4.349219,MUNTHOF
50.863138,4.330743,ELISABETH
50.821263,4.294043,HETRAD
50.786641,4.352049,BEGR.VANUKKEL
50.817458,4.483042,RAVENSTEIN
50.898149,4.481761,BRUSSELSAIRPORT
50.919385,4.408232,ENNEPETAL
50.767019,4.274953,STATIONLOT
50.907677,4.414105,DIEGEMSTRAAT
50.838666,4.337293,ARGONNE
50.885107,4.41319,REMISEHARENTRAM
50.798578,4.314329,REMISEMARCONI
50.883723,4.412749,REMISEHAREN
50.848313,4.32195,REMISEMOLENBEEK
50.840366,4.413792,JOSEPH.-CHARLOTTE
50.873666,4.343031,PANNENHUIS
50.789581,4.420431,HEILIGENBORRE
50.825801,4.507531,OPPEMSTRAAT
50.91687,4.402257,TWEELEEUWENWEG
50.79408,4.301838,DORENT
50.786863,4.296658,RUISBROEKCENTRUM
50.77068,4.278504,WATERBURY
50.765858,4.273708,LOTSTATION
50.784025,4.292617,SPORTCENTRUM
50.912819,4.435513,KERKMACHELEN
50.914276,4.435643,PELLENBERG
50.926373,4.423329,KERKVILVOORDE
50.819887,4.378374,REMISEELSENE
50.831547,4.434076,REMISEWOLUWE
